,2,3,4,5,6,7,8,9,10
0,1.0,1.0,2.0,3.0,2.0,5.0,7.0,6.0,8.0
1,1.0,2.0,3.0,4.0,4.0,4.0,4.0,4.0,5.0
2,1.0,2.0,3.0,4.0,4.0,4.0,4.0,4.0,5.0
3,1.0,2.0,3.0,4.0,4.0,4.0,4.0,4.0,5.0
4,1.0,1.0,2.0,3.0,2.0,5.0,2.0,8.0,6.0
5,1.0,1.0,2.0,3.0,2.0,5.0,7.0,8.0,6.0
6,1.0,1.0,3.0,3.0,2.0,5.0,7.0,8.0,6.0
7,0.0,0.0,0.0,0.0,0.0,0.0,0.0,0.0,0.0
8,0.0,0.0,0.0,1.0,5.0,2.0,3.0,2.0,2.0
9,1.0,1.0,2.0,3.0,2.0,5.0,7.0,8.0,6.0
10,1.0,2.0,3.0,4.0,4.0,4.0,4.0,4.0,5.0
11,1.0,1.0,3.0,4.0,2.0,5.0,7.0,6.0,8.0
12,1.0,1.0,2.0,3.0,2.0,5.0,7.0,6.0,8.0
13,1.0,1.0,2.0,3.0,2.0,5.0,7.0,6.0,8.0
14,1.0,1.0,2.0,3.0,2.0,5.0,7.0,6.0,8.0
15,1.0,1.0,2.0,3.0,2.0,5.0,7.0,6.0,8.0
16,0.0,0.0,0.0,0.0,0.0,6.0,5.0,7.0,7.0
17,0.0,0.0,0.0,1.0,5.0,2.0,3.0,2.0,2.0
18,0.0,0.0,0.0,0.0,0.0,0.0,0.0,0.0,0.0
19,0.0,0.0,0.0,1.0,5.0,0.0,0.0,0.0,0.0
20,0.0,0.0,0.0,1.0,5.0,2.0,3.0,2.0,2.0
21,0.0,2.0,0.0,0.0,4.0,0.0,0.0,0.0,0.0
22,0.0,2.0,0.0,1.0,5.0,2.0,0.0,0.0,0.0
23,1.0,1.0,2.0,3.0,3.0,1.0,6.0,8.0,6.0
24,1.0,1.0,2.0,3.0,3.0,1.0,6.0,8.0,6.0
25,1.0,1.0,2.0,3.0,2.0,5.0,7.0,8.0,6.0
26,1.0,1.0,2.0,3.0,2.0,5.0,7.0,8.0,6.0
27,1.0,2.0,3.0,4.0,4.0,4.0,4.0,4.0,5.0
28,1.0,2.0,3.0,4.0,4.0,4.0,4.0,4.0,5.0
29,1.0,1.0,2.0,3.0,2.0,5.0,7.0,6.0,8.0
30,1.0,1.0,2.0,3.0,2.0,5.0,7.0,6.0,8.0
31,1.0,1.0,2.0,3.0,2.0,5.0,7.0,6.0,8.0
32,0.0,0.0,0.0,0.0,0.0,0.0,0.0,0.0,0.0
33,0.0,0.0,0.0,0.0,0.0,6.0,5.0,7.0,7.0
34,0.0,1.0,0.0,1.0,5.0,2.0,3.0,2.0,2.0
35,0.0,0.0,0.0,0.0,0.0,0.0,0.0,0.0,0.0
36,0.0,0.0,0.0,1.0,5.0,2.0,3.0,2.0,2.0
37,0.0,0.0,0.0,1.0,5.0,2.0,3.0,2.0,2.0
38,0.0,2.0,0.0,0.0,0.0,0.0,0.0,0.0,0.0
39,0.0,0.0,0.0,1.0,5.0,2.0,3.0,2.0,2.0
40,1.0,1.0,2.0,3.0,3.0,1.0,6.0,5.0,1.0
41,1.0,1.0,2.0,3.0,3.0,1.0,6.0,8.0,6.0
42,1.0,1.0,2.0,3.0,3.0,1.0,6.0,5.0,1.0
43,1.0,1.0,2.0,3.0,2.0,5.0,7.0,8.0,6.0
44,1.0,1.0,2.0,3.0,2.0,5.0,7.0,8.0,6.0
45,1.0,2.0,3.0,4.0,4.0,4.0,4.0,4.0,5.0
46,1.0,2.0,3.0,4.0,4.0,4.0,4.0,4.0,5.0
47,1.0,2.0,3.0,4.0,4.0,4.0,4.0,4.0,5.0
48,1.0,1.0,2.0,3.0,2.0,5.0,7.0,6.0,8.0
49,1.0,1.0,2.0,3.0,2.0,5.0,7.0,6.0,8.0
50,0.0,0.0,0.0,0.0,0.0,0.0,0.0,0.0,0.0
51,0.0,0.0,0.0,1.0,5.0,2.0,3.0,2.0,2.0
52,1.0,1.0,2.0,3.0,2.0,5.0,7.0,6.0,8.0
53,0.0,0.0,0.0,0.0,0.0,0.0,0.0,0.0,0.0
54,0.0,0.0,0.0,0.0,0.0,0.0,0.0,0.0,0.0
55,0.0,0.0,0.0,1.0,5.0,2.0,3.0,2.0,2.0
56,0.0,0.0,0.0,1.0,5.0,2.0,3.0,2.0,2.0
57,0.0,0.0,0.0,0.0,0.0,0.0,0.0,0.0,0.0
58,0.0,0.0,0.0,0.0,0.0,0.0,0.0,0.0,0.0
59,0.0,0.0,0.0,1.0,5.0,2.0,3.0,2.0,2.0
60,1.0,1.0,2.0,3.0,2.0,5.0,2.0,3.0,9.0
61,1.0,1.0,2.0,3.0,3.0,1.0,6.0,5.0,1.0
62,1.0,1.0,2.0,3.0,2.0,5.0,2.0,3.0,9.0
63,1.0,1.0,2.0,3.0,3.0,1.0,6.0,5.0,1.0
64,1.0,1.0,2.0,3.0,3.0,1.0,6.0,8.0,6.0
65,1.0,1.0,3.0,3.0,2.0,5.0,2.0,8.0,6.0
66,1.0,1.0,2.0,3.0,2.0,5.0,7.0,8.0,6.0
67,1.0,2.0,3.0,4.0,4.0,4.0,4.0,4.0,5.0
68,1.0,2.0,3.0,4.0,4.0,4.0,4.0,4.0,5.0
69,1.0,2.0,3.0,4.0,4.0,4.0,4.0,4.0,5.0
70,1.0,2.0,3.0,4.0,4.0,4.0,4.0,4.0,5.0
71,1.0,2.0,3.0,4.0,4.0,0.0,0.0,0.0,0.0
72,1.0,1.0,3.0,4.0,2.0,5.0,7.0,6.0,8.0
73,1.0,2.0,3.0,4.0,2.0,4.0,4.0,6.0,8.0
74,0.0,0.0,0.0,0.0,0.0,0.0,0.0,0.0,0.0
75,0.0,0.0,0.0,1.0,5.0,2.0,3.0,2.0,2.0
76,1.0,1.0,2.0,3.0,2.0,5.0,7.0,6.0,8.0
77,0.0,0.0,0.0,0.0,0.0,0.0,0.0,0.0,0.0
78,0.0,0.0,0.0,0.0,0.0,0.0,0.0,0.0,0.0
79,0.0,0.0,0.0,1.0,5.0,2.0,3.0,2.0,2.0
80,1.0,1.0,0.0,1.0,5.0,2.0,3.0,2.0,2.0
81,0.0,0.0,0.0,0.0,0.0,0.0,0.0,0.0,0.0
82,0.0,0.0,0.0,0.0,0.0,0.0,0.0,0.0,0.0
83,0.0,0.0,0.0,1.0,5.0,2.0,3.0,2.0,2.0
84,1.0,1.0,2.0,3.0,3.0,1.0,6.0,5.0,1.0
85,1.0,1.0,2.0,3.0,2.0,5.0,2.0,3.0,9.0
86,1.0,1.0,2.0,3.0,3.0,1.0,6.0,5.0,1.0
87,1.0,1.0,2.0,3.0,2.0,5.0,7.0,8.0,6.0
88,1.0,1.0,2.0,3.0,3.0,1.0,6.0,5.0,1.0
89,1.0,2.0,3.0,4.0,4.0,0.0,2.0,3.0,3.0
90,1.0,1.0,2.0,3.0,2.0,5.0,7.0,8.0,6.0
91,1.0,1.0,2.0,3.0,3.0,1.0,6.0,5.0,1.0
92,1.0,2.0,3.0,4.0,4.0,4.0,2.0,4.0,5.0
93,1.0,2.0,3.0,4.0,4.0,4.0,4.0,4.0,5.0
94,1.0,1.0,3.0,4.0,4.0,4.0,4.0,4.0,5.0
95,1.0,2.0,3.0,4.0,4.0,0.0,0.0,0.0,0.0
96,1.0,2.0,3.0,4.0,4.0,4.0,4.0,4.0,5.0
97,1.0,2.0,3.0,4.0,4.0,4.0,4.0,4.0,5.0
98,1.0,2.0,3.0,4.0,4.0,4.0,4.0,4.0,5.0
99,1.0,2.0,3.0,4.0,4.0,0.0,0.0,0.0,0.0
100,1.0,2.0,3.0,4.0,4.0,4.0,4.0,4.0,5.0
101,1.0,2.0,3.0,4.0,4.0,4.0,4.0,4.0,5.0
102,1.0,2.0,3.0,4.0,4.0,4.0,4.0,4.0,5.0
103,0.0,2.0,0.0,0.0,0.0,0.0,0.0,0.0,0.0
104,0.0,0.0,0.0,0.0,0.0,0.0,0.0,0.0,0.0
105,0.0,0.0,0.0,1.0,5.0,2.0,7.0,6.0,8.0
106,1.0,1.0,2.0,3.0,2.0,5.0,7.0,6.0,8.0
107,0.0,0.0,0.0,0.0,0.0,6.0,5.0,7.0,7.0
108,0.0,0.0,0.0,0.0,0.0,0.0,0.0,0.0,0.0
109,0.0,0.0,0.0,1.0,5.0,2.0,3.0,2.0,2.0
110,1.0,1.0,2.0,3.0,2.0,5.0,7.0,6.0,8.0
111,0.0,0.0,0.0,0.0,0.0,6.0,5.0,7.0,7.0
112,0.0,0.0,0.0,0.0,0.0,0.0,0.0,0.0,0.0
113,0.0,0.0,0.0,1.0,5.0,2.0,3.0,2.0,2.0
114,0.0,0.0,0.0,0.0,0.0,0.0,0.0,0.0,0.0
115,1.0,1.0,2.0,3.0,2.0,5.0,2.0,3.0,9.0
116,1.0,1.0,2.0,3.0,3.0,1.0,6.0,5.0,1.0
117,1.0,1.0,2.0,3.0,2.0,5.0,2.0,3.0,3.0
118,1.0,1.0,2.0,3.0,2.0,5.0,7.0,8.0,6.0
119,1.0,1.0,2.0,3.0,3.0,1.0,6.0,5.0,1.0
120,1.0,2.0,3.0,4.0,4.0,0.0,2.0,3.0,3.0
121,1.0,2.0,3.0,4.0,4.0,4.0,2.0,3.0,3.0
122,1.0,1.0,2.0,3.0,2.0,5.0,7.0,8.0,6.0
123,1.0,1.0,2.0,3.0,3.0,4.0,6.0,4.0,5.0
124,1.0,2.0,3.0,4.0,4.0,0.0,0.0,0.0,0.0
125,1.0,2.0,3.0,4.0,4.0,4.0,4.0,4.0,5.0
126,1.0,2.0,3.0,4.0,4.0,4.0,4.0,4.0,5.0
127,1.0,2.0,0.0,4.0,4.0,0.0,0.0,0.0,0.0
128,1.0,2.0,3.0,4.0,4.0,0.0,0.0,0.0,0.0
129,1.0,2.0,3.0,4.0,4.0,4.0,4.0,4.0,5.0
130,1.0,2.0,3.0,4.0,4.0,4.0,4.0,4.0,5.0
131,0.0,2.0,0.0,0.0,0.0,0.0,0.0,0.0,0.0
132,0.0,0.0,0.0,0.0,0.0,0.0,0.0,0.0,0.0
133,1.0,0.0,0.0,4.0,2.0,5.0,7.0,6.0,8.0
134,1.0,2.0,3.0,4.0,2.0,4.0,4.0,6.0,8.0
135,0.0,0.0,0.0,0.0,0.0,6.0,5.0,7.0,7.0
136,0.0,0.0,0.0,0.0,0.0,6.0,5.0,7.0,7.0
137,0.0,0.0,0.0,0.0,0.0,6.0,5.0,7.0,7.0
138,0.0,0.0,0.0,0.0,0.0,2.0,3.0,2.0,7.0
139,0.0,0.0,0.0,0.0,0.0,6.0,5.0,7.0,7.0
140,0.0,0.0,0.0,0.0,0.0,6.0,5.0,7.0,7.0
141,0.0,0.0,0.0,0.0,0.0,6.0,5.0,7.0,7.0
142,0.0,0.0,0.0,0.0,0.0,0.0,0.0,0.0,0.0
143,0.0,0.0,0.0,0.0,0.0,6.0,5.0,7.0,7.0
144,1.0,1.0,2.0,3.0,2.0,5.0,2.0,3.0,9.0
145,1.0,1.0,2.0,3.0,3.0,1.0,6.0,5.0,1.0
146,1.0,1.0,2.0,3.0,2.0,5.0,2.0,8.0,9.0
147,1.0,1.0,2.0,3.0,3.0,1.0,6.0,8.0,6.0
148,1.0,2.0,3.0,4.0,4.0,0.0,2.0,3.0,3.0
149,1.0,1.0,2.0,3.0,2.0,5.0,2.0,3.0,6.0
150,1.0,1.0,2.0,3.0,2.0,5.0,7.0,8.0,6.0
151,1.0,2.0,3.0,4.0,4.0,0.0,0.0,0.0,0.0
152,1.0,2.0,3.0,4.0,4.0,4.0,4.0,4.0,5.0
153,1.0,2.0,3.0,4.0,4.0,4.0,4.0,4.0,5.0
154,1.0,2.0,3.0,4.0,4.0,0.0,0.0,0.0,0.0
155,1.0,2.0,3.0,4.0,4.0,0.0,0.0,0.0,0.0
156,1.0,2.0,3.0,4.0,4.0,4.0,4.0,4.0,5.0
157,1.0,2.0,3.0,4.0,4.0,4.0,4.0,4.0,5.0
158,0.0,0.0,0.0,0.0,0.0,0.0,0.0,0.0,0.0
159,0.0,0.0,0.0,0.0,0.0,0.0,0.0,0.0,0.0
160,1.0,2.0,3.0,4.0,4.0,4.0,4.0,4.0,5.0
161,1.0,2.0,3.0,4.0,4.0,4.0,4.0,4.0,5.0
162,0.0,0.0,0.0,0.0,0.0,6.0,5.0,7.0,7.0
163,0.0,0.0,0.0,0.0,0.0,6.0,5.0,7.0,7.0
164,0.0,0.0,0.0,0.0,0.0,6.0,5.0,7.0,7.0
165,0.0,0.0,0.0,0.0,0.0,6.0,5.0,7.0,7.0
166,0.0,0.0,0.0,0.0,0.0,6.0,5.0,7.0,7.0
167,0.0,0.0,0.0,0.0,0.0,6.0,5.0,7.0,7.0
168,0.0,0.0,0.0,0.0,0.0,6.0,5.0,7.0,7.0
169,0.0,0.0,0.0,0.0,0.0,6.0,5.0,7.0,7.0
170,1.0,1.0,2.0,3.0,3.0,1.0,6.0,8.0,6.0
171,1.0,1.0,2.0,3.0,3.0,1.0,6.0,5.0,1.0
172,1.0,1.0,2.0,3.0,2.0,5.0,7.0,8.0,6.0
173,1.0,2.0,3.0,4.0,4.0,0.0,2.0,3.0,3.0
174,1.0,2.0,3.0,4.0,4.0,0.0,2.0,3.0,3.0
175,1.0,2.0,3.0,4.0,4.0,4.0,4.0,4.0,5.0
176,1.0,2.0,3.0,4.0,4.0,0.0,0.0,0.0,0.0
177,1.0,2.0,3.0,4.0,4.0,4.0,4.0,4.0,5.0
178,1.0,2.0,3.0,4.0,4.0,4.0,4.0,4.0,5.0
179,1.0,2.0,3.0,4.0,4.0,4.0,4.0,4.0,5.0
180,0.0,0.0,0.0,0.0,0.0,0.0,0.0,0.0,0.0
181,0.0,0.0,0.0,0.0,0.0,0.0,0.0,0.0,0.0
182,1.0,0.0,3.0,4.0,4.0,4.0,4.0,4.0,5.0
183,0.0,0.0,0.0,0.0,0.0,6.0,5.0,7.0,7.0
184,0.0,0.0,0.0,0.0,0.0,6.0,5.0,7.0,7.0
185,0.0,0.0,0.0,0.0,0.0,6.0,5.0,7.0,7.0
186,0.0,0.0,0.0,0.0,0.0,6.0,5.0,7.0,7.0
187,0.0,0.0,0.0,0.0,0.0,6.0,5.0,7.0,7.0
188,0.0,0.0,0.0,0.0,0.0,6.0,5.0,7.0,7.0
189,0.0,0.0,0.0,0.0,0.0,6.0,5.0,7.0,7.0
190,0.0,0.0,0.0,0.0,0.0,6.0,5.0,7.0,7.0
191,0.0,0.0,0.0,0.0,0.0,6.0,5.0,7.0,7.0
192,1.0,2.0,3.0,4.0,4.0,0.0,2.0,3.0,3.0
193,1.0,2.0,3.0,4.0,4.0,4.0,2.0,4.0,5.0
194,1.0,2.0,3.0,4.0,4.0,0.0,0.0,0.0,0.0
195,1.0,2.0,3.0,4.0,4.0,4.0,4.0,4.0,5.0
196,1.0,2.0,3.0,4.0,4.0,4.0,4.0,4.0,5.0
197,0.0,0.0,0.0,0.0,0.0,0.0,0.0,0.0,0.0
198,0.0,0.0,0.0,0.0,0.0,0.0,0.0,0.0,0.0
199,0.0,0.0,3.0,4.0,4.0,4.0,4.0,4.0,5.0
200,0.0,0.0,0.0,0.0,0.0,6.0,5.0,7.0,7.0
201,0.0,0.0,0.0,0.0,0.0,6.0,5.0,7.0,7.0
202,0.0,0.0,0.0,0.0,0.0,6.0,5.0,7.0,7.0
203,0.0,0.0,0.0,0.0,0.0,6.0,5.0,7.0,7.0
204,0.0,0.0,0.0,0.0,0.0,6.0,5.0,7.0,7.0
205,0.0,0.0,0.0,0.0,0.0,6.0,5.0,7.0,7.0
206,0.0,0.0,0.0,0.0,0.0,6.0,5.0,7.0,7.0
207,0.0,0.0,0.0,0.0,0.0,6.0,5.0,7.0,7.0
208,0.0,0.0,0.0,0.0,0.0,6.0,5.0,7.0,7.0
209,1.0,2.0,3.0,4.0,4.0,4.0,4.0,4.0,5.0
210,1.0,2.0,3.0,4.0,4.0,4.0,4.0,4.0,5.0
211,0.0,0.0,0.0,0.0,0.0,0.0,0.0,0.0,0.0
212,0.0,0.0,0.0,4.0,4.0,0.0,0.0,0.0,0.0
213,0.0,0.0,1.0,2.0,1.0,6.0,5.0,7.0,7.0
214,0.0,0.0,0.0,0.0,0.0,6.0,5.0,7.0,7.0
215,0.0,0.0,0.0,0.0,0.0,6.0,5.0,7.0,7.0
216,0.0,0.0,0.0,0.0,0.0,6.0,5.0,7.0,7.0
217,0.0,0.0,0.0,0.0,0.0,6.0,5.0,7.0,7.0
218,0.0,0.0,0.0,0.0,0.0,6.0,5.0,7.0,7.0
219,0.0,0.0,0.0,0.0,0.0,6.0,5.0,7.0,7.0
220,0.0,0.0,0.0,0.0,0.0,6.0,5.0,7.0,7.0
221,0.0,0.0,0.0,0.0,0.0,6.0,5.0,7.0,7.0
222,0.0,0.0,3.0,4.0,4.0,0.0,0.0,0.0,0.0
223,0.0,0.0,0.0,0.0,0.0,6.0,5.0,7.0,7.0
224,0.0,0.0,0.0,0.0,0.0,6.0,5.0,7.0,7.0
225,0.0,0.0,0.0,0.0,0.0,6.0,5.0,7.0,7.0
226,0.0,0.0,0.0,0.0,0.0,6.0,5.0,7.0,7.0
227,0.0,0.0,0.0,0.0,0.0,6.0,5.0,7.0,7.0
228,0.0,0.0,0.0,0.0,0.0,6.0,5.0,7.0,7.0
229,0.0,0.0,0.0,0.0,0.0,6.0,5.0,7.0,7.0
230,0.0,0.0,0.0,0.0,0.0,6.0,5.0,7.0,7.0
231,1.0,2.0,3.0,4.0,4.0,4.0,4.0,4.0,5.0
232,0.0,0.0,0.0,0.0,0.0,6.0,5.0,7.0,7.0
233,0.0,0.0,0.0,0.0,0.0,6.0,5.0,7.0,7.0
234,0.0,0.0,0.0,0.0,0.0,6.0,5.0,7.0,7.0
235,0.0,0.0,0.0,0.0,0.0,6.0,5.0,7.0,7.0
236,0.0,0.0,0.0,0.0,0.0,6.0,5.0,7.0,7.0
237,0.0,0.0,0.0,0.0,0.0,6.0,5.0,7.0,7.0
238,0.0,0.0,0.0,0.0,0.0,6.0,5.0,7.0,7.0
239,0.0,0.0,0.0,0.0,0.0,6.0,5.0,7.0,7.0
240,0.0,0.0,0.0,0.0,0.0,6.0,5.0,7.0,7.0
241,0.0,0.0,0.0,0.0,0.0,6.0,5.0,7.0,7.0
242,0.0,0.0,0.0,0.0,0.0,6.0,5.0,7.0,7.0
243,0.0,0.0,1.0,2.0,1.0,3.0,1.0,1.0,7.0
244,0.0,0.0,1.0,2.0,1.0,3.0,1.0,1.0,4.0
245,0.0,0.0,0.0,0.0,0.0,6.0,5.0,7.0,7.0
246,0.0,0.0,0.0,0.0,0.0,6.0,5.0,7.0,7.0
247,0.0,0.0,0.0,0.0,0.0,6.0,5.0,7.0,7.0
248,0.0,0.0,0.0,0.0,0.0,6.0,5.0,7.0,7.0
249,0.0,0.0,1.0,0.0,0.0,6.0,5.0,7.0,7.0
250,0.0,0.0,0.0,0.0,0.0,6.0,5.0,7.0,7.0
251,0.0,0.0,0.0,0.0,0.0,6.0,5.0,7.0,7.0
252,0.0,0.0,0.0,0.0,0.0,6.0,5.0,7.0,7.0
253,0.0,0.0,1.0,0.0,0.0,6.0,5.0,7.0,7.0
254,0.0,0.0,1.0,2.0,1.0,6.0,5.0,7.0,4.0
255,0.0,0.0,1.0,2.0,1.0,3.0,1.0,1.0,4.0
256,0.0,0.0,1.0,2.0,1.0,3.0,1.0,1.0,4.0
257,0.0,0.0,0.0,2.0,1.0,6.0,5.0,7.0,7.0
258,0.0,0.0,1.0,2.0,1.0,3.0,1.0,1.0,9.0
259,1.0,2.0,3.0,4.0,4.0,4.0,2.0,3.0,3.0
260,1.0,2.0,3.0,4.0,4.0,4.0,2.0,3.0,3.0
261,0.0,0.0,1.0,0.0,0.0,6.0,5.0,7.0,7.0
262,0.0,0.0,1.0,2.0,1.0,6.0,5.0,7.0,7.0
263,0.0,0.0,1.0,2.0,1.0,3.0,1.0,1.0,4.0
264,0.0,0.0,1.0,2.0,1.0,3.0,1.0,1.0,4.0
265,0.0,0.0,3.0,4.0,4.0,4.0,2.0,3.0,3.0
266,0.0,0.0,1.0,0.0,0.0,6.0,5.0,7.0,7.0
267,0.0,0.0,1.0,0.0,0.0,6.0,5.0,7.0,4.0
268,0.0,0.0,1.0,2.0,1.0,3.0,1.0,1.0,4.0
269,0.0,0.0,1.0,2.0,1.0,3.0,1.0,1.0,4.0
270,0.0,0.0,1.0,2.0,1.0,3.0,1.0,1.0,4.0
271,0.0,0.0,1.0,2.0,1.0,3.0,1.0,1.0,4.0
272,0.0,0.0,1.0,2.0,1.0,3.0,1.0,1.0,4.0
273,0.0,0.0,1.0,2.0,1.0,3.0,1.0,1.0,4.0
274,0.0,0.0,1.0,2.0,1.0,3.0,1.0,1.0,4.0
275,0.0,0.0,1.0,2.0,1.0,3.0,1.0,1.0,4.0
276,0.0,0.0,1.0,2.0,1.0,3.0,1.0,1.0,4.0
277,0.0,0.0,1.0,2.0,1.0,3.0,1.0,1.0,4.0
278,0.0,0.0,1.0,2.0,1.0,3.0,1.0,1.0,4.0
279,0.0,0.0,0.0,0.0,0.0,6.0,5.0,7.0,7.0
280,0.0,0.0,0.0,0.0,0.0,6.0,2.0,3.0,3.0
281,1.0,1.0,2.0,3.0,2.0,6.0,2.0,3.0,3.0
282,1.0,1.0,2.0,3.0,2.0,5.0,2.0,3.0,3.0
283,1.0,1.0,2.0,3.0,2.0,5.0,2.0,3.0,3.0
284,1.0,1.0,2.0,3.0,2.0,5.0,2.0,3.0,3.0
285,0.0,0.0,1.0,2.0,1.0,3.0,1.0,1.0,4.0
286,0.0,0.0,1.0,2.0,1.0,3.0,1.0,1.0,9.0
287,0.0,0.0,1.0,2.0,1.0,3.0,1.0,1.0,9.0
288,0.0,0.0,1.0,2.0,1.0,3.0,1.0,1.0,9.0
289,0.0,0.0,0.0,0.0,0.0,6.0,2.0,3.0,3.0
290,0.0,0.0,0.0,0.0,0.0,6.0,2.0,3.0,3.0
291,1.0,0.0,0.0,0.0,0.0,6.0,2.0,3.0,3.0
292,0.0,0.0,1.0,2.0,1.0,3.0,1.0,1.0,4.0
293,0.0,0.0,1.0,2.0,1.0,3.0,1.0,1.0,4.0
294,0.0,0.0,1.0,2.0,1.0,3.0,1.0,1.0,4.0
295,0.0,0.0,1.0,2.0,1.0,3.0,1.0,1.0,9.0
296,0.0,0.0,1.0,2.0,1.0,3.0,1.0,1.0,9.0
297,0.0,0.0,1.0,2.0,1.0,3.0,1.0,1.0,9.0
298,0.0,0.0,0.0,2.0,1.0,6.0,5.0,7.0,7.0
299,0.0,0.0,1.0,2.0,1.0,6.0,5.0,1.0,4.0
300,0.0,0.0,1.0,2.0,1.0,3.0,1.0,1.0,4.0
301,0.0,0.0,1.0,2.0,1.0,3.0,1.0,1.0,4.0
302,0.0,0.0,1.0,2.0,1.0,3.0,1.0,1.0,4.0
303,0.0,0.0,1.0,2.0,1.0,3.0,1.0,1.0,4.0
304,0.0,0.0,1.0,2.0,1.0,3.0,1.0,1.0,4.0
305,0.0,0.0,1.0,2.0,1.0,3.0,1.0,1.0,9.0
306,0.0,0.0,1.0,2.0,1.0,3.0,1.0,1.0,9.0
307,0.0,0.0,1.0,2.0,1.0,3.0,1.0,1.0,2.0
308,0.0,0.0,1.0,2.0,1.0,3.0,1.0,1.0,4.0
309,0.0,0.0,1.0,2.0,1.0,3.0,1.0,1.0,4.0
310,0.0,0.0,1.0,2.0,1.0,3.0,1.0,1.0,9.0
311,0.0,0.0,1.0,2.0,1.0,3.0,1.0,1.0,9.0
312,0.0,0.0,1.0,2.0,1.0,3.0,1.0,1.0,9.0
313,0.0,0.0,0.0,1.0,5.0,2.0,3.0,2.0,2.0
314,1.0,1.0,2.0,1.0,5.0,2.0,3.0,2.0,2.0
315,1.0,1.0,2.0,3.0,2.0,5.0,7.0,6.0,8.0
316,1.0,1.0,2.0,3.0,2.0,5.0,7.0,6.0,8.0
317,1.0,1.0,2.0,3.0,2.0,5.0,7.0,6.0,8.0
318,1.0,1.0,2.0,3.0,2.0,5.0,7.0,6.0,8.0
319,0.0,0.0,1.0,2.0,1.0,3.0,1.0,1.0,9.0
320,0.0,0.0,1.0,2.0,1.0,3.0,1.0,1.0,9.0
321,0.0,0.0,0.0,1.0,5.0,2.0,3.0,2.0,2.0
322,0.0,0.0,0.0,1.0,5.0,2.0,3.0,2.0,2.0
323,0.0,1.0,0.0,1.0,5.0,2.0,3.0,2.0,2.0
324,1.0,1.0,2.0,1.0,5.0,2.0,3.0,2.0,2.0
325,0.0,0.0,1.0,2.0,1.0,3.0,1.0,1.0,4.0
326,0.0,0.0,1.0,2.0,1.0,3.0,1.0,1.0,9.0
327,0.0,0.0,1.0,2.0,1.0,3.0,1.0,1.0,9.0
328,0.0,0.0,1.0,2.0,1.0,3.0,1.0,1.0,9.0
329,0.0,0.0,0.0,1.0,5.0,2.0,3.0,2.0,2.0
330,0.0,0.0,1.0,2.0,1.0,3.0,1.0,1.0,4.0
331,0.0,0.0,1.0,2.0,1.0,3.0,1.0,1.0,4.0
332,0.0,0.0,1.0,2.0,1.0,3.0,1.0,1.0,9.0
333,0.0,0.0,1.0,2.0,1.0,3.0,1.0,1.0,9.0
334,0.0,0.0,1.0,2.0,1.0,3.0,1.0,1.0,9.0
335,0.0,0.0,0.0,1.0,5.0,2.0,3.0,2.0,2.0
336,0.0,0.0,1.0,2.0,1.0,3.0,1.0,1.0,9.0
337,0.0,0.0,1.0,2.0,1.0,3.0,1.0,1.0,9.0
338,0.0,0.0,1.0,2.0,1.0,3.0,1.0,1.0,9.0
339,0.0,0.0,1.0,2.0,1.0,3.0,1.0,1.0,9.0
340,1.0,2.0,3.0,4.0,4.0,0.0,0.0,3.0,3.0
341,1.0,2.0,3.0,4.0,4.0,0.0,2.0,3.0,3.0
342,1.0,2.0,3.0,4.0,4.0,0.0,2.0,3.0,3.0
343,1.0,2.0,3.0,4.0,4.0,5.0,2.0,3.0,3.0
344,1.0,2.0,3.0,4.0,4.0,0.0,2.0,3.0,3.0
345,1.0,2.0,3.0,4.0,4.0,0.0,2.0,3.0,3.0
346,0.0,0.0,1.0,2.0,1.0,3.0,1.0,1.0,9.0
347,0.0,0.0,1.0,2.0,1.0,3.0,1.0,1.0,9.0
348,1.0,2.0,0.0,4.0,4.0,0.0,0.0,3.0,3.0
349,1.0,2.0,3.0,4.0,4.0,0.0,2.0,3.0,3.0
350,1.0,2.0,3.0,4.0,4.0,0.0,2.0,3.0,3.0
351,1.0,2.0,3.0,4.0,4.0,0.0,2.0,3.0,3.0
352,0.0,0.0,1.0,2.0,1.0,3.0,1.0,1.0,4.0
353,0.0,0.0,1.0,2.0,1.0,3.0,1.0,1.0,4.0
354,0.0,0.0,1.0,2.0,1.0,3.0,1.0,1.0,9.0
355,0.0,0.0,1.0,2.0,1.0,3.0,1.0,1.0,9.0
356,0.0,0.0,1.0,2.0,1.0,3.0,1.0,1.0,9.0
357,0.0,0.0,0.0,1.0,5.0,2.0,3.0,2.0,2.0
358,0.0,0.0,1.0,2.0,1.0,3.0,1.0,1.0,4.0
359,0.0,0.0,1.0,2.0,1.0,3.0,1.0,1.0,4.0
360,0.0,0.0,1.0,2.0,1.0,3.0,1.0,1.0,9.0
361,0.0,0.0,1.0,2.0,1.0,3.0,1.0,1.0,9.0
362,0.0,0.0,1.0,2.0,1.0,3.0,1.0,1.0,9.0
363,0.0,0.0,1.0,2.0,1.0,3.0,1.0,1.0,9.0
364,0.0,0.0,1.0,2.0,1.0,3.0,1.0,1.0,9.0
365,0.0,0.0,1.0,2.0,1.0,3.0,1.0,1.0,9.0
366,0.0,0.0,0.0,2.0,1.0,3.0,1.0,1.0,9.0
367,1.0,2.0,3.0,4.0,4.0,0.0,0.0,0.0,0.0
368,1.0,2.0,3.0,4.0,4.0,0.0,2.0,3.0,3.0
369,1.0,2.0,3.0,4.0,4.0,0.0,2.0,3.0,3.0
370,0.0,0.0,0.0,0.0,0.0,6.0,5.0,7.0,7.0
371,0.0,0.0,0.0,0.0,0.0,6.0,5.0,7.0,7.0
372,0.0,0.0,1.0,0.0,0.0,6.0,5.0,7.0,7.0
373,0.0,0.0,1.0,2.0,1.0,3.0,1.0,1.0,7.0
374,0.0,0.0,3.0,4.0,4.0,0.0,2.0,3.0,3.0
375,1.0,2.0,3.0,4.0,4.0,0.0,2.0,3.0,3.0
376,0.0,0.0,0.0,0.0,0.0,6.0,5.0,7.0,7.0
377,0.0,0.0,1.0,0.0,0.0,6.0,5.0,7.0,7.0
378,0.0,0.0,1.0,2.0,1.0,3.0,1.0,1.0,4.0
379,0.0,0.0,1.0,2.0,1.0,3.0,1.0,1.0,4.0
380,0.0,0.0,1.0,2.0,1.0,3.0,1.0,1.0,4.0
381,0.0,0.0,1.0,2.0,1.0,3.0,1.0,1.0,4.0
382,0.0,0.0,1.0,2.0,1.0,3.0,1.0,1.0,4.0
383,0.0,0.0,1.0,2.0,1.0,3.0,1.0,1.0,4.0
384,0.0,0.0,1.0,2.0,1.0,3.0,1.0,1.0,4.0
385,0.0,0.0,1.0,2.0,1.0,3.0,1.0,1.0,4.0
386,0.0,0.0,1.0,2.0,1.0,3.0,1.0,1.0,9.0
387,0.0,0.0,1.0,2.0,1.0,3.0,1.0,1.0,4.0
388,0.0,0.0,1.0,2.0,1.0,3.0,1.0,1.0,4.0
389,0.0,0.0,0.0,0.0,0.0,6.0,5.0,7.0,7.0
390,0.0,0.0,0.0,0.0,0.0,6.0,5.0,7.0,7.0
391,0.0,0.0,3.0,4.0,4.0,6.0,5.0,3.0,4.0
392,1.0,2.0,3.0,4.0,4.0,4.0,2.0,3.0,3.0
393,0.0,0.0,0.0,0.0,0.0,6.0,5.0,7.0,7.0
394,0.0,0.0,0.0,0.0,0.0,6.0,5.0,7.0,7.0
395,0.0,0.0,0.0,0.0,0.0,6.0,5.0,7.0,7.0
396,0.0,0.0,0.0,0.0,0.0,6.0,5.0,7.0,7.0
397,0.0,0.0,0.0,0.0,0.0,6.0,5.0,7.0,7.0
398,0.0,0.0,0.0,0.0,0.0,6.0,5.0,7.0,7.0
399,0.0,0.0,0.0,0.0,0.0,6.0,5.0,7.0,7.0
400,0.0,0.0,0.0,0.0,0.0,6.0,5.0,7.0,7.0
401,0.0,0.0,0.0,0.0,0.0,6.0,5.0,7.0,4.0
402,0.0,0.0,1.0,2.0,1.0,3.0,1.0,1.0,4.0
403,0.0,0.0,1.0,2.0,1.0,3.0,1.0,1.0,4.0
404,0.0,0.0,1.0,2.0,1.0,3.0,1.0,1.0,4.0
405,1.0,2.0,3.0,4.0,4.0,0.0,0.0,0.0,0.0
406,1.0,2.0,3.0,4.0,4.0,0.0,0.0,0.0,0.0
407,0.0,0.0,0.0,0.0,0.0,6.0,5.0,7.0,7.0
408,0.0,0.0,0.0,0.0,0.0,6.0,5.0,7.0,7.0
409,0.0,0.0,0.0,0.0,0.0,6.0,5.0,7.0,7.0
410,0.0,0.0,0.0,0.0,0.0,6.0,5.0,7.0,7.0
411,0.0,0.0,0.0,0.0,0.0,6.0,5.0,7.0,7.0
412,0.0,0.0,0.0,0.0,0.0,6.0,5.0,7.0,7.0
413,0.0,0.0,0.0,0.0,0.0,6.0,5.0,7.0,7.0
414,0.0,0.0,0.0,0.0,0.0,6.0,5.0,7.0,7.0
415,0.0,0.0,0.0,0.0,0.0,6.0,5.0,7.0,7.0
416,0.0,0.0,0.0,0.0,0.0,6.0,5.0,7.0,7.0
417,1.0,2.0,3.0,4.0,4.0,0.0,0.0,0.0,0.0
418,0.0,0.0,0.0,0.0,0.0,6.0,5.0,7.0,7.0
419,0.0,0.0,0.0,0.0,0.0,6.0,5.0,7.0,7.0
420,0.0,0.0,0.0,0.0,0.0,6.0,5.0,7.0,7.0
421,0.0,0.0,0.0,0.0,0.0,6.0,5.0,7.0,7.0
422,0.0,0.0,0.0,0.0,0.0,6.0,5.0,7.0,7.0
423,0.0,0.0,0.0,0.0,0.0,6.0,5.0,7.0,7.0
424,1.0,2.0,3.0,4.0,4.0,0.0,0.0,0.0,0.0
425,0.0,0.0,0.0,0.0,0.0,0.0,0.0,0.0,0.0
426,0.0,0.0,0.0,0.0,0.0,6.0,5.0,7.0,7.0
427,0.0,0.0,0.0,0.0,0.0,6.0,5.0,7.0,7.0
428,0.0,0.0,0.0,0.0,0.0,6.0,5.0,7.0,7.0
429,0.0,0.0,0.0,0.0,0.0,6.0,5.0,7.0,7.0
430,0.0,0.0,0.0,0.0,0.0,6.0,5.0,7.0,7.0
431,0.0,0.0,0.0,0.0,0.0,6.0,5.0,7.0,7.0
432,0.0,0.0,0.0,0.0,0.0,6.0,5.0,7.0,7.0
433,0.0,0.0,0.0,0.0,0.0,6.0,5.0,7.0,7.0
434,1.0,2.0,3.0,4.0,4.0,0.0,0.0,0.0,0.0
435,1.0,2.0,3.0,4.0,4.0,0.0,0.0,0.0,0.0
436,1.0,2.0,3.0,4.0,4.0,4.0,4.0,4.0,5.0
437,0.0,0.0,0.0,0.0,0.0,6.0,5.0,7.0,7.0
438,0.0,0.0,0.0,0.0,0.0,6.0,5.0,7.0,7.0
439,0.0,0.0,0.0,0.0,0.0,6.0,5.0,7.0,7.0
440,0.0,0.0,0.0,0.0,0.0,6.0,5.0,7.0,7.0
441,0.0,0.0,0.0,0.0,0.0,6.0,5.0,7.0,7.0
442,0.0,0.0,0.0,0.0,0.0,6.0,5.0,7.0,7.0
443,0.0,0.0,0.0,0.0,0.0,6.0,5.0,7.0,7.0
444,0.0,0.0,0.0,0.0,0.0,6.0,5.0,7.0,7.0
445,0.0,0.0,0.0,0.0,0.0,6.0,5.0,7.0,7.0
446,1.0,2.0,3.0,4.0,4.0,0.0,0.0,0.0,0.0
447,1.0,2.0,3.0,4.0,4.0,0.0,0.0,0.0,0.0
448,1.0,2.0,3.0,4.0,4.0,0.0,0.0,0.0,0.0
449,1.0,2.0,3.0,4.0,4.0,0.0,0.0,0.0,0.0
450,0.0,0.0,0.0,0.0,0.0,6.0,5.0,7.0,7.0
451,0.0,0.0,0.0,0.0,0.0,6.0,5.0,7.0,7.0
452,0.0,0.0,0.0,0.0,0.0,6.0,5.0,7.0,7.0
453,0.0,0.0,0.0,0.0,0.0,6.0,5.0,7.0,7.0
454,0.0,0.0,0.0,0.0,0.0,6.0,5.0,7.0,7.0
455,0.0,0.0,0.0,0.0,0.0,6.0,5.0,7.0,7.0
456,0.0,0.0,0.0,0.0,0.0,6.0,5.0,7.0,7.0
457,0.0,0.0,0.0,0.0,0.0,6.0,5.0,7.0,7.0
458,0.0,0.0,0.0,0.0,0.0,6.0,5.0,7.0,7.0
459,1.0,1.0,2.0,3.0,2.0,5.0,2.0,3.0,3.0
460,1.0,1.0,2.0,3.0,2.0,5.0,2.0,8.0,6.0
461,1.0,2.0,3.0,4.0,4.0,0.0,2.0,0.0,0.0
462,1.0,2.0,3.0,4.0,4.0,0.0,2.0,3.0,3.0
463,1.0,2.0,3.0,4.0,4.0,4.0,2.0,3.0,3.0
464,1.0,2.0,3.0,4.0,4.0,0.0,0.0,0.0,0.0
465,1.0,2.0,3.0,4.0,4.0,0.0,0.0,0.0,0.0
466,1.0,2.0,3.0,4.0,4.0,4.0,4.0,4.0,5.0
467,1.0,2.0,3.0,4.0,4.0,0.0,0.0,0.0,0.0
468,1.0,2.0,3.0,4.0,4.0,0.0,0.0,0.0,0.0
469,1.0,2.0,3.0,4.0,4.0,4.0,4.0,4.0,5.0
470,0.0,0.0,0.0,0.0,0.0,6.0,5.0,7.0,7.0
471,0.0,0.0,0.0,0.0,0.0,6.0,5.0,7.0,7.0
472,1.0,2.0,3.0,4.0,4.0,4.0,4.0,4.0,5.0
473,0.0,0.0,0.0,0.0,0.0,6.0,5.0,7.0,7.0
474,0.0,0.0,0.0,0.0,0.0,6.0,5.0,7.0,7.0
475,0.0,0.0,0.0,0.0,0.0,6.0,5.0,7.0,7.0
476,0.0,0.0,0.0,0.0,0.0,6.0,5.0,7.0,7.0
477,0.0,0.0,0.0,1.0,5.0,2.0,3.0,2.0,2.0
478,1.0,2.0,3.0,3.0,2.0,5.0,2.0,3.0,3.0
479,1.0,1.0,2.0,3.0,2.0,5.0,7.0,8.0,6.0
480,1.0,2.0,3.0,4.0,4.0,0.0,0.0,0.0,0.0
481,1.0,2.0,3.0,4.0,4.0,4.0,2.0,4.0,5.0
482,1.0,2.0,3.0,4.0,4.0,4.0,2.0,4.0,5.0
483,1.0,2.0,3.0,4.0,4.0,0.0,0.0,0.0,0.0
484,1.0,2.0,3.0,4.0,4.0,0.0,0.0,0.0,0.0
485,1.0,2.0,3.0,4.0,4.0,4.0,4.0,4.0,5.0
486,1.0,2.0,3.0,4.0,4.0,4.0,4.0,4.0,5.0
487,1.0,2.0,3.0,4.0,4.0,0.0,0.0,0.0,0.0
488,1.0,2.0,3.0,4.0,4.0,0.0,0.0,0.0,0.0
489,1.0,2.0,3.0,4.0,4.0,4.0,4.0,4.0,5.0
490,1.0,2.0,3.0,4.0,4.0,4.0,4.0,4.0,5.0
491,0.0,0.0,0.0,0.0,0.0,0.0,0.0,0.0,0.0
492,0.0,0.0,0.0,1.0,5.0,2.0,3.0,2.0,2.0
493,1.0,2.0,0.0,1.0,5.0,2.0,3.0,2.0,2.0
494,0.0,0.0,0.0,0.0,0.0,6.0,5.0,7.0,7.0
495,0.0,0.0,0.0,0.0,0.0,6.0,5.0,7.0,7.0
496,0.0,0.0,0.0,1.0,5.0,2.0,3.0,2.0,2.0
497,0.0,0.0,0.0,0.0,0.0,6.0,5.0,7.0,7.0
498,0.0,0.0,0.0,1.0,5.0,2.0,3.0,2.0,2.0
499,1.0,2.0,3.0,4.0,4.0,0.0,2.0,3.0,3.0
500,1.0,2.0,3.0,4.0,4.0,4.0,2.0,8.0,6.0
501,1.0,2.0,3.0,4.0,4.0,4.0,4.0,4.0,5.0
502,1.0,2.0,3.0,4.0,4.0,4.0,4.0,4.0,5.0
503,1.0,2.0,3.0,4.0,4.0,0.0,0.0,0.0,0.0
504,1.0,2.0,3.0,4.0,4.0,0.0,0.0,0.0,0.0
505,1.0,2.0,3.0,4.0,4.0,4.0,4.0,4.0,5.0
506,1.0,2.0,3.0,4.0,4.0,4.0,4.0,4.0,5.0
507,1.0,2.0,0.0,4.0,4.0,0.0,0.0,0.0,0.0
508,1.0,2.0,0.0,1.0,4.0,0.0,0.0,0.0,0.0
509,1.0,2.0,3.0,4.0,4.0,4.0,4.0,6.0,8.0
510,1.0,2.0,3.0,4.0,4.0,4.0,4.0,6.0,8.0
511,0.0,0.0,0.0,0.0,0.0,0.0,0.0,0.0,0.0
512,0.0,0.0,0.0,1.0,5.0,2.0,3.0,2.0,2.0
513,1.0,0.0,0.0,1.0,5.0,2.0,3.0,2.0,2.0
514,0.0,0.0,0.0,0.0,0.0,0.0,0.0,0.0,0.0
515,0.0,0.0,0.0,0.0,0.0,6.0,5.0,7.0,7.0
516,0.0,0.0,0.0,1.0,5.0,2.0,3.0,2.0,2.0
517,0.0,0.0,0.0,1.0,5.0,2.0,3.0,2.0,2.0
518,1.0,1.0,2.0,3.0,3.0,1.0,6.0,5.0,1.0
519,1.0,1.0,2.0,3.0,3.0,1.0,6.0,5.0,1.0
520,1.0,2.0,3.0,4.0,4.0,4.0,4.0,4.0,5.0
521,1.0,2.0,3.0,4.0,4.0,4.0,4.0,4.0,5.0
522,1.0,2.0,3.0,4.0,4.0,4.0,4.0,4.0,5.0
523,1.0,2.0,3.0,4.0,4.0,0.0,0.0,0.0,0.0
524,1.0,2.0,3.0,4.0,4.0,4.0,4.0,4.0,5.0
525,1.0,2.0,3.0,4.0,4.0,4.0,4.0,4.0,5.0
526,1.0,2.0,0.0,4.0,4.0,0.0,0.0,0.0,0.0
527,1.0,2.0,0.0,1.0,4.0,0.0,0.0,0.0,0.0
528,1.0,1.0,2.0,3.0,2.0,5.0,7.0,6.0,8.0
529,1.0,1.0,2.0,3.0,2.0,5.0,7.0,6.0,8.0
530,0.0,2.0,0.0,0.0,0.0,0.0,0.0,0.0,0.0
531,0.0,0.0,0.0,1.0,5.0,2.0,0.0,0.0,0.0
532,0.0,0.0,0.0,1.0,5.0,2.0,3.0,2.0,2.0
533,1.0,1.0,2.0,3.0,2.0,5.0,7.0,6.0,8.0
534,0.0,0.0,0.0,0.0,0.0,0.0,0.0,0.0,0.0
535,0.0,0.0,0.0,0.0,0.0,0.0,0.0,0.0,0.0
536,0.0,0.0,0.0,1.0,5.0,2.0,3.0,2.0,2.0
537,1.0,1.0,2.0,3.0,3.0,1.0,6.0,8.0,6.0
538,1.0,2.0,3.0,4.0,4.0,4.0,4.0,4.0,5.0
539,1.0,2.0,3.0,4.0,4.0,4.0,4.0,4.0,5.0
540,1.0,2.0,3.0,4.0,4.0,4.0,4.0,4.0,5.0
541,1.0,2.0,3.0,4.0,4.0,4.0,4.0,4.0,5.0
542,1.0,2.0,3.0,4.0,4.0,0.0,0.0,0.0,0.0
543,1.0,2.0,3.0,4.0,4.0,4.0,7.0,6.0,8.0
544,1.0,2.0,3.0,4.0,2.0,5.0,7.0,6.0,8.0
545,1.0,2.0,0.0,4.0,4.0,0.0,0.0,0.0,0.0
546,1.0,1.0,2.0,3.0,5.0,2.0,7.0,6.0,8.0
547,1.0,1.0,2.0,3.0,2.0,5.0,7.0,6.0,8.0
548,0.0,2.0,0.0,0.0,0.0,0.0,0.0,0.0,0.0
549,0.0,0.0,0.0,1.0,5.0,0.0,0.0,0.0,0.0
550,0.0,0.0,0.0,1.0,5.0,2.0,3.0,2.0,2.0
551,1.0,1.0,0.0,1.0,5.0,2.0,3.0,2.0,2.0
552,0.0,0.0,0.0,0.0,0.0,0.0,0.0,0.0,0.0
553,0.0,0.0,0.0,1.0,5.0,0.0,0.0,0.0,0.0
554,0.0,0.0,0.0,1.0,5.0,2.0,3.0,2.0,2.0
555,1.0,2.0,3.0,4.0,4.0,4.0,4.0,4.0,5.0
556,1.0,2.0,3.0,4.0,4.0,4.0,4.0,4.0,5.0
557,1.0,2.0,3.0,4.0,4.0,4.0,4.0,4.0,5.0
558,1.0,2.0,3.0,4.0,4.0,0.0,0.0,0.0,0.0
559,1.0,1.0,2.0,3.0,2.0,5.0,7.0,6.0,8.0
560,1.0,1.0,2.0,3.0,2.0,5.0,7.0,6.0,8.0
561,1.0,1.0,2.0,3.0,2.0,5.0,7.0,6.0,8.0
562,1.0,2.0,0.0,4.0,4.0,0.0,0.0,0.0,0.0
563,1.0,1.0,0.0,1.0,5.0,2.0,3.0,2.0,2.0
564,1.0,1.0,2.0,3.0,2.0,5.0,7.0,6.0,8.0
565,1.0,1.0,2.0,3.0,2.0,5.0,7.0,6.0,8.0
566,0.0,2.0,0.0,0.0,0.0,0.0,0.0,0.0,0.0
567,0.0,0.0,0.0,0.0,0.0,0.0,0.0,0.0,0.0
568,0.0,0.0,0.0,1.0,5.0,2.0,3.0,2.0,2.0
569,0.0,1.0,0.0,1.0,5.0,2.0,3.0,2.0,2.0
570,0.0,0.0,0.0,0.0,0.0,0.0,0.0,0.0,0.0
571,0.0,0.0,0.0,1.0,5.0,2.0,3.0,2.0,2.0
572,0.0,1.0,0.0,1.0,5.0,2.0,3.0,2.0,2.0
573,1.0,1.0,2.0,3.0,2.0,5.0,7.0,8.0,6.0
574,1.0,2.0,3.0,4.0,4.0,4.0,2.0,4.0,5.0
575,1.0,2.0,3.0,4.0,4.0,4.0,4.0,4.0,5.0
576,1.0,2.0,3.0,4.0,4.0,4.0,4.0,4.0,5.0
577,1.0,1.0,2.0,3.0,2.0,5.0,7.0,6.0,8.0
578,1.0,1.0,2.0,3.0,2.0,5.0,7.0,6.0,8.0
579,1.0,1.0,2.0,3.0,2.0,5.0,7.0,6.0,8.0
580,1.0,1.0,2.0,3.0,2.0,5.0,7.0,6.0,8.0
581,1.0,2.0,0.0,0.0,4.0,0.0,0.0,0.0,0.0
582,0.0,0.0,0.0,1.0,5.0,2.0,3.0,5.0,1.0
583,0.0,1.0,0.0,1.0,5.0,2.0,3.0,2.0,2.0
584,1.0,1.0,0.0,1.0,5.0,2.0,3.0,2.0,2.0
585,0.0,0.0,0.0,0.0,0.0,0.0,0.0,0.0,0.0
586,0.0,0.0,0.0,1.0,5.0,2.0,3.0,2.0,2.0
587,0.0,0.0,0.0,1.0,5.0,2.0,3.0,2.0,2.0
588,0.0,0.0,0.0,1.0,5.0,2.0,3.0,2.0,2.0
589,1.0,2.0,3.0,4.0,4.0,4.0,4.0,4.0,5.0
590,1.0,2.0,3.0,4.0,4.0,4.0,4.0,6.0,8.0
591,1.0,1.0,2.0,3.0,2.0,5.0,7.0,6.0,8.0
592,1.0,1.0,2.0,3.0,3.0,0.0,0.0,0.0,0.0
593,1.0,1.0,2.0,3.0,3.0,1.0,6.0,5.0,1.0
594,0.0,0.0,0.0,0.0,0.0,0.0,0.0,0.0,0.0
595,0.0,0.0,0.0,1.0,5.0,2.0,3.0,2.0,2.0
596,1.0,2.0,0.0,1.0,5.0,0.0,0.0,0.0,0.0
597,0.0,0.0,0.0,1.0,5.0,2.0,3.0,2.0,2.0
598,1.0,2.0,3.0,4.0,4.0,4.0,4.0,6.0,8.0
